createdAt,downloadUrl,size
"2023-01-01T11:02:05Z","https://github.com/foundry-rs/foundry/releases/download/nightly-a44159a5c23d2699d3a390e6d4889b89a0e5a5e0/foundry_nightly_linux_amd64.tar.gz","22678875"
"2023-03-01T19:32:35Z","https://github.com/foundry-rs/foundry/releases/download/nightly-94777647f6ea5d34572a1b15c9b57e35b8c77b41/foundry_nightly_linux_amd64.tar.gz","26778329"
"2023-04-01T11:30:18Z","https://github.com/foundry-rs/foundry/releases/download/nightly-87bc53fc6c874bd4c92d97ed180b949e3a36d78c/foundry_nightly_linux_amd64.tar.gz","26886242"
"2023-05-01T20:37:57Z","https://github.com/foundry-rs/foundry/releases/download/nightly-e15e33a07c0920189fc336391f538c3dad53da73/foundry_nightly_linux_amd64.tar.gz","30932904"
"2023-06-01T18:05:52Z","https://github.com/foundry-rs/foundry/releases/download/nightly-cc5637a979050c39b3d06bc4cc6134f0591ee8d0/foundry_nightly_linux_amd64.tar.gz","30751115"
"2023-07-01T15:47:15Z","https://github.com/foundry-rs/foundry/releases/download/nightly-d369d2486f85576eec4ca41d277391dfdae21ba7/foundry_nightly_linux_amd64.tar.gz","31332480"
"2023-08-01T20:12:07Z","https://github.com/foundry-rs/foundry/releases/download/nightly-ca67d15f4abd46394b324c50e21e66f306a1162d/foundry_nightly_linux_amd64.tar.gz","31904782"
"2023-10-01T14:08:18Z","https://github.com/foundry-rs/foundry/releases/download/nightly-5be158ba6dc7c798a6f032026fe60fc01686b33b/foundry_nightly_linux_amd64.tar.gz","33821516"
"2023-11-01T22:33:25Z","https://github.com/foundry-rs/foundry/releases/download/nightly-09fe3e041369a816365a020f715ad6f94dbce9f2/foundry_nightly_linux_amd64.tar.gz","44026646"
"2023-12-01T22:58:51Z","https://github.com/foundry-rs/foundry/releases/download/nightly-5b7e4cb3c882b28f3c32ba580de27ce7381f415a/foundry_nightly_linux_amd64.tar.gz","43295989"
"2024-01-13T10:42:03Z","https://github.com/foundry-rs/foundry/releases/download/nightly-293fad73670b7b59ca901c7f2105bf7a29165a90/foundry_nightly_linux_amd64.tar.gz","44496836"
"2024-02-02T18:06:39Z","https://github.com/foundry-rs/foundry/releases/download/nightly-2cb875799419c907cc3709e586ece2559e6b340e/foundry_nightly_linux_amd64.tar.gz","48107763"
"2024-03-01T17:36:07Z","https://github.com/foundry-rs/foundry/releases/download/nightly-de33b6af53005037b463318d2628b5cfcaf39916/foundry_nightly_linux_amd64.tar.gz","48711734"
"2024-04-01T21:51:24Z","https://github.com/foundry-rs/foundry/releases/download/nightly-f625d0fa7c51e65b4bf1e8f7931cd1c6e2e285e9/foundry_nightly_linux_amd64.tar.gz","52329177"
"2024-05-01T18:38:28Z","https://github.com/foundry-rs/foundry/releases/download/nightly-cafc2606a2187a42b236df4aa65f4e8cdfcea970/foundry_nightly_linux_amd64.tar.gz","52554485"
"2024-06-01T15:37:02Z","https://github.com/foundry-rs/foundry/releases/download/nightly-5ac78a9cd4b94dc53d1fe5e0f42372b28b5a7559/foundry_nightly_linux_amd64.tar.gz","48868573"
"2024-06-25T20:04:41Z","https://github.com/foundry-rs/foundry/releases/download/nightly-7bef9caccfe62761225be66e84bea2810e656c96/foundry_nightly_linux_amd64.tar.gz","63524580"
"2024-06-26T19:34:31Z","https://github.com/foundry-rs/foundry/releases/download/nightly-c8db1e4b56fe469e353d8f6c697db499988c9483/foundry_nightly_linux_amd64.tar.gz","63954476"
"2024-06-27T19:24:59Z","https://github.com/foundry-rs/foundry/releases/download/nightly-c4a984fbf2c48b793c8cd53af84f56009dd1070c/foundry_nightly_linux_amd64.tar.gz","63903308"
"2024-06-28T23:33:36Z","https://github.com/foundry-rs/foundry/releases/download/nightly-3e79baf182f5d20300d3e57ea04d8cd47185dec5/foundry_nightly_linux_amd64.tar.gz","64108650"
"2024-06-29T05:51:13Z","https://github.com/foundry-rs/foundry/releases/download/nightly-ed79650445b500b4dd81c6efce5e2286073da9a0/foundry_nightly_linux_amd64.tar.gz","64115741"
"2024-06-30T00:14:14Z","https://github.com/foundry-rs/foundry/releases/download/nightly-e65b5b9a5fb71ee06753e43a56c0f03c4aeb4c07/foundry_nightly_linux_amd64.tar.gz","64085903"
"2024-06-30T22:37:17Z","https://github.com/foundry-rs/foundry/releases/download/nightly-90588120933f587ec61bb141efe306efd79f5f0d/foundry_nightly_linux_amd64.tar.gz","64231602"
"2024-07-01T18:55:12Z","https://github.com/foundry-rs/foundry/releases/download/nightly-20b3da1f22e9f62f6e3406a5d582ad4aa509122c/foundry_nightly_linux_amd64.tar.gz","64269871"
"2024-07-02T16:49:37Z","https://github.com/foundry-rs/foundry/releases/download/nightly-7226aa06bbb473bfa7fabc0c92215c0938017d0c/foundry_nightly_linux_amd64.tar.gz","69212587"
"2024-07-03T16:33:46Z","https://github.com/foundry-rs/foundry/releases/download/nightly-0dceb536da7129c8e58b2c30c7059e247467838f/foundry_nightly_linux_amd64.tar.gz","69221716"
"2024-07-04T23:09:07Z","https://github.com/foundry-rs/foundry/releases/download/nightly-56dbd20c7179570c53b6c17ff34daa7273a4ddae/foundry_nightly_linux_amd64.tar.gz","69125102"
"2024-07-05T12:40:38Z","https://github.com/foundry-rs/foundry/releases/download/nightly-1bac1b3d79243cea755800bf396c30a3d74741bf/foundry_nightly_linux_amd64.tar.gz","69099689"
"2024-07-06T07:15:20Z","https://github.com/foundry-rs/foundry/releases/download/nightly-3ae4f505822e66c7bf74a448df65af4533e46dc1/foundry_nightly_linux_amd64.tar.gz","69100501"
"2024-07-07T08:26:05Z","https://github.com/foundry-rs/foundry/releases/download/nightly-8b694bbcabaedffc0337bf8dea9a135da5694ef9/foundry_nightly_linux_amd64.tar.gz","69166308"
"2024-07-08T21:21:53Z","https://github.com/foundry-rs/foundry/releases/download/nightly-0116be1bb3f73a6365290ba2894813815d02159d/foundry_nightly_linux_amd64.tar.gz","69170408"
"2024-07-09T15:49:52Z","https://github.com/foundry-rs/foundry/releases/download/nightly-82ff8ee338818e6a6dc356e4c72ab72d31965375/foundry_nightly_linux_amd64.tar.gz","69237019"
"2024-07-10T15:13:24Z","https://github.com/foundry-rs/foundry/releases/download/nightly-72e44fb87c38b2acfa2b0b136fc1bc833f71e674/foundry_nightly_linux_amd64.tar.gz","69241573"
"2024-07-11T17:36:50Z","https://github.com/foundry-rs/foundry/releases/download/nightly-ef62fdbab638a275fc19a2ff8fe8951c3bd1d9aa/foundry_nightly_linux_amd64.tar.gz","69677806"
"2024-07-12T18:22:29Z","https://github.com/foundry-rs/foundry/releases/download/nightly-547e9757e37cc970ddae7ba84fb8f501a2367d0d/foundry_nightly_linux_amd64.tar.gz","69711085"
"2024-07-13T14:47:48Z","https://github.com/foundry-rs/foundry/releases/download/nightly-5902a6fa87600cf0cbe44e689c97479c16fd474e/foundry_nightly_linux_amd64.tar.gz","69713273"
"2024-07-14T17:31:42Z","https://github.com/foundry-rs/foundry/releases/download/nightly-6de15b0136ccb7dcac412d6b97bb3269ac2361c3/foundry_nightly_linux_amd64.tar.gz","69679326"
"2024-07-15T20:53:23Z","https://github.com/foundry-rs/foundry/releases/download/nightly-ea7817c6679abc3bcfc476c20ced4fe6200d8928/foundry_nightly_linux_amd64.tar.gz","69725034"
"2024-07-16T22:52:37Z","https://github.com/foundry-rs/foundry/releases/download/nightly-cb9dfae298fe0b5a5cdef2536955f50b8c7f0bf5/foundry_nightly_linux_amd64.tar.gz","69763358"
"2024-07-17T13:10:56Z","https://github.com/foundry-rs/foundry/releases/download/nightly-af97b2c75cbcfaba23462998ae75ca082bcca1f2/foundry_nightly_linux_amd64.tar.gz","69958919"
"2024-07-18T20:02:09Z","https://github.com/foundry-rs/foundry/releases/download/nightly-e90348416c3a831ab75bb43f6fa5f0a0be4106c4/foundry_nightly_linux_amd64.tar.gz","70094446"
"2024-07-19T19:51:10Z","https://github.com/foundry-rs/foundry/releases/download/nightly-94b6c6bf857b52d11b90f0ce248ff67ca45460b1/foundry_nightly_linux_amd64.tar.gz","70229295"
"2024-07-20T13:52:38Z","https://github.com/foundry-rs/foundry/releases/download/nightly-fc807dfbbf07de9b1f00f3ba4daa423a6064e91c/foundry_nightly_linux_amd64.tar.gz","70250069"
"2024-07-21T10:32:42Z","https://github.com/foundry-rs/foundry/releases/download/nightly-fe2acca4e379793539db80e032d76ffe0110298b/foundry_nightly_linux_amd64.tar.gz","70257964"
"2024-07-22T19:05:40Z","https://github.com/foundry-rs/foundry/releases/download/nightly-62cdea8ff9e6efef011f77e295823b5f2dbeb3a1/foundry_nightly_linux_amd64.tar.gz","70290416"
"2024-07-23T16:11:18Z","https://github.com/foundry-rs/foundry/releases/download/nightly-5af9d16ecb620192d4fe5ae61d33e429b7f5aff3/foundry_nightly_linux_amd64.tar.gz","70284669"
"2024-07-24T21:06:14Z","https://github.com/foundry-rs/foundry/releases/download/nightly-0ad127a36ad716b09d180bb60b47c8eff1349202/foundry_nightly_linux_amd64.tar.gz","70293709"
"2024-07-25T17:27:30Z","https://github.com/foundry-rs/foundry/releases/download/nightly-9444c6217a258cb4fd6ac38597ea282d6642ec7c/foundry_nightly_linux_amd64.tar.gz","70095711"
"2024-07-27T06:38:53Z","https://github.com/foundry-rs/foundry/releases/download/nightly-bdd1137374cda2bfbb2a3d126c476e2dfd1864a7/foundry_nightly_linux_amd64.tar.gz","70294092"
"2024-07-28T10:18:09Z","https://github.com/foundry-rs/foundry/releases/download/nightly-682286017eea36ee6309fc659a41167f265c56db/foundry_nightly_linux_amd64.tar.gz","70346005"
"2024-07-29T12:33:08Z","https://github.com/foundry-rs/foundry/releases/download/nightly-fdfaafd629faa2eea3362a8370eef7c1f8074710/foundry_nightly_linux_amd64.tar.gz","70450632"
"2024-07-30T15:53:38Z","https://github.com/foundry-rs/foundry/releases/download/nightly-26a7559758c192911dd39ce7d621a18ef0d419e6/foundry_nightly_linux_amd64.tar.gz","70312917"
"2024-07-31T10:11:20Z","https://github.com/foundry-rs/foundry/releases/download/nightly-c99854277c346fa6de7a8f9837230b36fd85850e/foundry_nightly_linux_amd64.tar.gz","70305137"
"2024-08-01T17:38:15Z","https://github.com/foundry-rs/foundry/releases/download/nightly-626221f5ef44b4af950a08e09bd714650d9eb77d/foundry_nightly_linux_amd64.tar.gz","70332370"
"2024-08-02T23:03:00Z","https://github.com/foundry-rs/foundry/releases/download/nightly-00ff3673a1c8cd41076779f717d2827c16a004af/foundry_nightly_linux_amd64.tar.gz","70315234"
"2024-08-03T05:40:01Z","https://github.com/foundry-rs/foundry/releases/download/nightly-55bf41564f605cae3ca4c95ac5d468b1f14447f9/foundry_nightly_linux_amd64.tar.gz","70315243"
"2024-08-04T07:31:48Z","https://github.com/foundry-rs/foundry/releases/download/nightly-0b73b426d3aeb1563eeab4d5f2f8134d1c3902e3/foundry_nightly_linux_amd64.tar.gz","70340132"
"2024-08-05T20:52:56Z","https://github.com/foundry-rs/foundry/releases/download/nightly-f2518c92c8743777a4941a91e4eb56dd3a96ff0f/foundry_nightly_linux_amd64.tar.gz","70324592"
"2024-08-06T19:01:58Z","https://github.com/foundry-rs/foundry/releases/download/nightly-4351742481c98adaa9ca3e8642e619aa986b3cee/foundry_nightly_linux_amd64.tar.gz","70343162"
"2024-08-08T00:00:15Z","https://github.com/foundry-rs/foundry/releases/download/nightly-7f0f5b4c1aa75dc4fd2eb15aca9757491d885902/foundry_nightly_linux_amd64.tar.gz","70375366"
"2024-08-08T21:01:54Z","https://github.com/foundry-rs/foundry/releases/download/nightly-1197fbea0b0f9dde45579a61a5ff956fc0aee426/foundry_nightly_linux_amd64.tar.gz","70621616"
"2024-08-09T15:35:39Z","https://github.com/foundry-rs/foundry/releases/download/nightly-77158ccee1cc0be8b647021b868a14314676a81a/foundry_nightly_linux_amd64.tar.gz","70707415"
"2024-08-10T11:19:12Z","https://github.com/foundry-rs/foundry/releases/download/nightly-03c20289eff8d90e891f9605fd5729ae677bf303/foundry_nightly_linux_amd64.tar.gz","70710386"
"2024-08-11T20:53:14Z","https://github.com/foundry-rs/foundry/releases/download/nightly-a0a002020be4c40946fe122fe6ff752b21cb2885/foundry_nightly_linux_amd64.tar.gz","70787625"
"2024-08-12T08:14:27Z","https://github.com/foundry-rs/foundry/releases/download/nightly-515a4cc8aba1627a717a1057ff4f09c8cd3bf51f/foundry_nightly_linux_amd64.tar.gz","70793882"
"2024-08-13T21:26:02Z","https://github.com/foundry-rs/foundry/releases/download/nightly-224fe9cbf76084c176dabf7d3b2edab5df1ab818/foundry_nightly_linux_amd64.tar.gz","70798335"
"2024-08-14T22:40:31Z","https://github.com/foundry-rs/foundry/releases/download/nightly-3e3b30c61c6b24c0d3e336503b67358f612a6f0d/foundry_nightly_linux_amd64.tar.gz","70795987"
"2024-08-15T19:48:14Z","https://github.com/foundry-rs/foundry/releases/download/nightly-62def0d68897aae7c2172eabed8085f631625003/foundry_nightly_linux_amd64.tar.gz","70804958"
"2024-08-16T18:41:29Z","https://github.com/foundry-rs/foundry/releases/download/nightly-f8aa4afec04cc0b7d364a5d78f0cde9e64fd14bf/foundry_nightly_linux_amd64.tar.gz","70790613"
"2024-08-17T16:53:01Z","https://github.com/foundry-rs/foundry/releases/download/nightly-0bb5864d86096410a0d2c4d511f825caebb8c480/foundry_nightly_linux_amd64.tar.gz","70793342"
"2024-08-18T00:50:13Z","https://github.com/foundry-rs/foundry/releases/download/nightly-8549aadc66bac1b480a303e7dc3fb9309dffb325/foundry_nightly_linux_amd64.tar.gz","70806123"
"2024-08-19T20:15:46Z","https://github.com/foundry-rs/foundry/releases/download/nightly-1710187c614f01598116e67aaf4cda76e7b532ec/foundry_nightly_linux_amd64.tar.gz","70806159"
"2024-08-20T18:41:07Z","https://github.com/foundry-rs/foundry/releases/download/nightly-afd86803fc89a95e05427f82b9fbeae0a7c7b049/foundry_nightly_linux_amd64.tar.gz","70808151"
"2024-08-21T21:03:04Z","https://github.com/foundry-rs/foundry/releases/download/nightly-fa0e0c2ca3ae75895dd19173a02faf88509c0608/foundry_nightly_linux_amd64.tar.gz","70862003"
"2024-08-22T14:07:17Z","https://github.com/foundry-rs/foundry/releases/download/nightly-70ef94a90f4d2adb5dd932b417e7cf37410cebb3/foundry_nightly_linux_amd64.tar.gz","70631118"
"2024-08-23T05:53:42Z","https://github.com/foundry-rs/foundry/releases/download/nightly-1dad817e099e4bb0a672e937b1c8d559702f5112/foundry_nightly_linux_amd64.tar.gz","70636503"
"2024-08-25T05:36:38Z","https://github.com/foundry-rs/foundry/releases/download/nightly-2b1f8d6dd90f9790faf0528e05e60e573a7569ce/foundry_nightly_linux_amd64.tar.gz","70725753"
"2024-08-26T19:44:18Z","https://github.com/foundry-rs/foundry/releases/download/nightly-d28a3377e52e6a4114a8cea2903c115b023279e8/foundry_nightly_linux_amd64.tar.gz","70779206"
"2024-08-27T17:48:20Z","https://github.com/foundry-rs/foundry/releases/download/nightly-2442e7a5fc165d7d0b022aa8b9f09dcdf675157b/foundry_nightly_linux_amd64.tar.gz","71224448"
"2024-08-28T09:59:31Z","https://github.com/foundry-rs/foundry/releases/download/nightly-0d8302880b79fa9c3c4aa52ab446583dece19a34/foundry_nightly_linux_amd64.tar.gz","71217390"
"2024-08-29T12:27:14Z","https://github.com/foundry-rs/foundry/releases/download/nightly-98ab45eeb5c3b8d07dede2f27df96f4778d89300/foundry_nightly_linux_amd64.tar.gz","71648532"
"2024-08-30T11:40:19Z","https://github.com/foundry-rs/foundry/releases/download/nightly-818eeb9d5018d3858238d925fa9c9ef5fcdaee47/foundry_nightly_linux_amd64.tar.gz","71648258"
"2024-09-01T00:03:00Z","https://github.com/foundry-rs/foundry/releases/download/nightly-d75318c9c7a1c6af5404fe96f63ca890dcdd588d/foundry_nightly_linux_amd64.tar.gz","71652673"
"2024-09-02T23:31:19Z","https://github.com/foundry-rs/foundry/releases/download/nightly-d90e997d91532d902b0d6f786ff59777e69efa3a/foundry_nightly_linux_amd64.tar.gz","71776441"
"2024-09-03T21:09:26Z","https://github.com/foundry-rs/foundry/releases/download/nightly-143abd6a768eeb52a5785240b763d72a56987b4a/foundry_nightly_linux_amd64.tar.gz","71788348"
"2024-09-04T19:45:43Z","https://github.com/foundry-rs/foundry/releases/download/nightly-ea3ba89e8179dc983abb7aa91a6f388c17ad3cec/foundry_nightly_linux_amd64.tar.gz","71593875"
"2024-09-05T15:00:44Z","https://github.com/foundry-rs/foundry/releases/download/nightly-de596a4db781933f0c95805bd1c8c05e65f03d4f/foundry_nightly_linux_amd64.tar.gz","72240310"
"2024-09-06T15:06:28Z","https://github.com/foundry-rs/foundry/releases/download/nightly-872e2f3fa622480e863576db06fa6d67a6ba87ce/foundry_nightly_linux_amd64.tar.gz","72325759"
"2024-09-07T04:02:57Z","https://github.com/foundry-rs/foundry/releases/download/nightly-8a51b89f838e0a17afb6443d8cd008130d0cd47a/foundry_nightly_linux_amd64.tar.gz","72340098"
"2024-09-07T11:23:58Z","https://github.com/foundry-rs/foundry/releases/download/nightly-27d008f2e5c4e383bfad37e7970aa5895ea22bdf/foundry_nightly_linux_amd64.tar.gz","72339660"
"2024-09-07T13:33:15Z","https://github.com/foundry-rs/foundry/releases/download/nightly-4d377409faf5e681f88b5b3a2de640c9f9631ae9/foundry_nightly_linux_amd64.tar.gz","72374102"
"2024-09-08T01:11:09Z","https://github.com/foundry-rs/foundry/releases/download/nightly-96105b4d240681c336e063eac0e250cc51a84414/foundry_nightly_linux_amd64.tar.gz","72361760"
"2024-09-09T15:04:29Z","https://github.com/foundry-rs/foundry/releases/download/nightly-0079a1146b79a4aeda58b0258215bedb1f92700b/foundry_nightly_linux_amd64.tar.gz","72560151"
"2024-09-10T11:35:06Z","https://github.com/foundry-rs/foundry/releases/download/nightly-be451fb93a0d0ec52152fb67cc6c36cd8fbd7ae1/foundry_nightly_linux_amd64.tar.gz","72557305"
"2024-09-11T13:38:38Z","https://github.com/foundry-rs/foundry/releases/download/nightly-d663f38be3114ccb94f08fe3b8ea26e27e2043c1/foundry_nightly_linux_amd64.tar.gz","72604471"
"2024-09-12T20:57:00Z","https://github.com/foundry-rs/foundry/releases/download/nightly-2cdbfaca634b284084d0f86357623aef7a0d2ce3/foundry_nightly_linux_amd64.tar.gz","71699379"
"2024-09-13T17:03:39Z","https://github.com/foundry-rs/foundry/releases/download/nightly-e16a75b615f812db6127ea22e23c3ee65504c1f1/foundry_nightly_linux_amd64.tar.gz","71801242"
"2024-09-15T11:11:59Z","https://github.com/foundry-rs/foundry/releases/download/nightly-280aa26c3a6d71c442d32b45920d30c62f9d6fbb/foundry_nightly_linux_amd64.tar.gz","71765126"
"2024-09-16T17:09:25Z","https://github.com/foundry-rs/foundry/releases/download/nightly-41d4e5437107f6f42c7711123890147bc736a609/foundry_nightly_linux_amd64.tar.gz","71773399"
"2024-09-18T15:07:42Z","https://github.com/foundry-rs/foundry/releases/download/nightly-96ad8a66e513bc7eaabe119db6302820dc82b7e5/foundry_nightly_linux_amd64.tar.gz","58954120"
